iter	RMSE
0	0.7732649619
1	0.7297547444
2	0.7078784913
3	0.690068799
4	0.6782514199
5	0.670549987
6	0.6632750967
7	0.6579028549
8	0.6553990564
9	0.6535675193
